User_ID,Movie_Name,Rating,Watch_Date,Genre
285,Movie 22,4,2022-10-04,Sci-Fi
481,Movie 81,5,2022-01-31,Drama
105,Movie 56,1,2021-05-20,Sci-Fi
279,Movie 136,3,2022-01-01,Sci-Fi
406,Movie 160,2,2021-10-04,Thriller
44,Movie 148,3,2022-05-28,Action
154,Movie 29,3,2021-07-18,Sci-Fi
177,Movie 106,3,2021-02-21,Action
475,Movie 17,5,2022-07-02,Sci-Fi
228,Movie 124,1,2021-01-19,Comedy
365,Movie 150,3,2022-09-01,Sci-Fi
79,Movie 22,2,2022-10-06,Horror
6,Movie 129,1,2021-08-20,Comedy
45,Movie 39,1,2021-05-05,Drama
214,Movie 64,3,2021-04-14,Comedy
410,Movie 76,1,2022-07-16,Drama
453,Movie 87,5,2022-07-28,Thriller
319,Movie 64,4,2022-12-18,Comedy
67,Movie 20,2,2021-04-11,Action
186,Movie 15,3,2022-05-11,Horror
466,Movie 71,4,2021-02-02,Thriller
417,Movie 8,4,2022-03-16,Romance
409,Movie 11,2,2021-10-25,Comedy
38,Movie 191,1,2022-07-06,Thriller
183,Movie 135,3,2022-05-01,Thriller
15,Movie 152,5,2021-12-11,Comedy
141,Movie 52,1,2022-09-17,Comedy
5,Movie 10,4,2021-12-08,Thriller
377,Movie 192,2,2021-08-22,Thriller
205,Movie 82,4,2021-08-30,Sci-Fi
497,Movie 35,3,2022-08-19,Comedy
163,Movie 192,3,2021-06-23,Romance
470,Movie 9,4,2021-11-02,Horror
125,Movie 27,2,2021-11-15,Action
225,Movie 63,5,2022-01-04,Thriller
102,Movie 164,2,2021-12-27,Comedy
406,Movie 40,4,2021-04-03,Action
398,Movie 17,3,2022-03-13,Horror
138,Movie 188,5,2021-07-13,Romance
85,Movie 80,2,2022-06-25,Romance
268,Movie 194,4,2022-02-03,Action
278,Movie 49,4,2022-05-12,Drama
160,Movie 80,1,2022-12-24,Comedy
427,Movie 25,4,2022-04-18,Thriller
367,Movie 39,5,2022-04-03,Horror
496,Movie 99,3,2021-04-16,Horror
310,Movie 22,1,2022-03-16,Thriller
29,Movie 35,1,2021-08-29,Action
395,Movie 4,2,2022-06-07,Romance
66,Movie 154,4,2022-07-12,Sci-Fi
50,Movie 167,4,2021-01-26,Action
298,Movie 152,1,2021-10-22,Drama
414,Movie 70,5,2021-09-07,Sci-Fi
135,Movie 6,3,2022-10-20,Drama
305,Movie 6,1,2021-02-21,Sci-Fi
266,Movie 110,2,2023-01-01,Romance
320,Movie 158,1,2022-07-22,Horror
281,Movie 11,1,2021-10-14,Horror
185,Movie 65,4,2021-05-17,Horror
336,Movie 97,5,2022-07-06,Action
64,Movie 63,3,2022-10-25,Comedy
98,Movie 136,4,2021-10-15,Drama
146,Movie 195,1,2021-05-13,Sci-Fi
251,Movie 103,5,2021-12-02,Horror
188,Movie 191,2,2022-11-12,Horror
326,Movie 197,4,2021-05-12,Thriller
282,Movie 190,2,2021-01-26,Thriller
167,Movie 69,3,2022-08-31,Romance
472,Movie 67,3,2021-09-16,Drama
416,Movie 84,4,2021-08-16,Drama
269,Movie 34,3,2021-12-11,Thriller
291,Movie 117,2,2022-01-28,Sci-Fi
460,Movie 3,2,2021-12-11,Sci-Fi
285,Movie 8,3,2022-04-05,Action
357,Movie 20,3,2022-04-10,Romance
464,Movie 200,5,2021-10-12,Action
287,Movie 21,3,2021-12-28,Romance
112,Movie 116,4,2022-01-28,Sci-Fi
353,Movie 161,1,2021-06-25,Horror
76,Movie 112,5,2022-09-08,Thriller
211,Movie 189,2,2021-09-08,Comedy
50,Movie 127,5,2022-05-20,Horror
429,Movie 105,1,2022-12-15,Horror
6,Movie 138,1,2022-12-24,Drama
180,Movie 147,4,2022-02-19,Sci-Fi
96,Movie 28,4,2022-06-09,Comedy
377,Movie 177,1,2022-02-16,Horror
277,Movie 170,1,2021-02-21,Thriller
347,Movie 135,3,2022-01-22,Romance
434,Movie 101,1,2021-07-08,Sci-Fi
75,Movie 27,1,2022-06-01,Thriller
376,Movie 152,5,2021-08-17,Thriller
402,Movie 190,2,2021-04-24,Horror
422,Movie 120,1,2022-05-17,Thriller
276,Movie 92,1,2022-07-21,Sci-Fi
143,Movie 82,2,2022-10-18,Action
139,Movie 200,4,2021-11-25,Romance
288,Movie 192,1,2022-07-30,Thriller
476,Movie 101,2,2021-07-01,Comedy
445,Movie 164,5,2021-06-22,Romance
342,Movie 107,1,2021-09-12,Thriller
381,Movie 25,5,2021-05-06,Romance
177,Movie 10,3,2021-08-06,Action
260,Movie 191,5,2022-08-30,Sci-Fi
475,Movie 82,2,2022-01-03,Sci-Fi
461,Movie 87,2,2022-05-08,Drama
150,Movie 154,3,2023-01-01,Action
6,Movie 25,5,2022-01-22,Romance
464,Movie 171,2,2021-10-07,Comedy
211,Movie 43,4,2021-04-14,Sci-Fi
392,Movie 146,5,2021-02-21,Comedy
325,Movie 73,3,2022-10-05,Thriller
146,Movie 95,3,2022-01-19,Romance
494,Movie 97,3,2022-10-06,Horror
356,Movie 163,1,2022-08-08,Comedy
359,Movie 180,3,2022-04-05,Comedy
314,Movie 110,4,2022-04-09,Thriller
207,Movie 175,4,2022-04-29,Sci-Fi
78,Movie 16,2,2022-03-23,Horror
253,Movie 13,1,2021-08-10,Comedy
68,Movie 67,4,2021-01-07,Action
66,Movie 126,4,2022-09-30,Drama
304,Movie 194,3,2022-03-01,Romance
31,Movie 57,2,2022-05-21,Horror
86,Movie 144,5,2021-10-09,Drama
483,Movie 4,5,2022-04-10,Action
153,Movie 140,3,2022-11-02,Horror
179,Movie 69,2,2021-05-30,Drama
260,Movie 79,5,2021-04-22,Romance
497,Movie 151,3,2021-11-18,Romance
331,Movie 45,3,2021-04-06,Drama
198,Movie 124,5,2021-11-21,Horror
227,Movie 95,2,2022-03-26,Sci-Fi
393,Movie 73,1,2021-03-19,Sci-Fi
68,Movie 37,4,2021-10-21,Horror
131,Movie 51,5,2021-06-13,Drama
45,Movie 91,3,2021-08-24,Comedy
265,Movie 8,2,2022-08-24,Action
484,Movie 120,1,2022-12-03,Horror
220,Movie 178,1,2022-08-18,Romance
97,Movie 79,4,2022-12-04,Drama
200,Movie 175,1,2022-09-28,Comedy
17,Movie 108,5,2022-05-05,Drama
30,Movie 91,2,2022-02-13,Drama
344,Movie 78,1,2022-08-31,Action
25,Movie 111,2,2022-06-26,Action
174,Movie 68,2,2021-01-29,Drama
44,Movie 197,3,2022-11-09,Horror
399,Movie 13,5,2021-09-10,Action
383,Movie 174,2,2021-06-25,Drama
299,Movie 164,2,2022-11-11,Romance
167,Movie 142,4,2021-04-29,Sci-Fi
485,Movie 96,1,2021-03-12,Action
232,Movie 100,3,2022-11-29,Comedy
242,Movie 165,3,2021-06-24,Horror
96,Movie 144,2,2022-11-11,Horror
379,Movie 56,4,2021-08-08,Horror
119,Movie 4,5,2021-08-11,Drama
193,Movie 167,5,2022-12-18,Comedy
146,Movie 36,1,2021-08-29,Drama
212,Movie 187,5,2021-02-08,Comedy
448,Movie 150,2,2022-04-30,Action
171,Movie 189,1,2021-07-26,Horror
209,Movie 42,1,2021-07-07,Romance
414,Movie 190,1,2021-04-16,Drama
429,Movie 85,3,2021-01-10,Horror
52,Movie 74,2,2021-03-06,Comedy
467,Movie 131,2,2021-09-01,Action
26,Movie 155,5,2022-05-11,Horror
466,Movie 72,3,2021-08-10,Sci-Fi
450,Movie 150,5,2021-09-20,Thriller
93,Movie 52,5,2021-12-19,Horror
367,Movie 66,5,2022-02-16,Comedy
393,Movie 100,4,2021-08-20,Action
203,Movie 108,4,2022-06-12,Romance
218,Movie 72,3,2021-07-11,Action
1,Movie 74,5,2022-09-12,Drama
362,Movie 82,1,2021-12-29,Sci-Fi
500,Movie 126,3,2022-06-27,Sci-Fi
158,Movie 148,2,2021-11-09,Horror
467,Movie 6,5,2022-01-26,Drama
207,Movie 40,3,2021-12-11,Drama
424,Movie 71,4,2022-07-12,Comedy
106,Movie 78,2,2021-08-08,Drama
325,Movie 174,1,2021-09-28,Comedy
52,Movie 25,2,2022-05-29,Action
292,Movie 129,2,2022-11-04,Drama
238,Movie 114,3,2022-11-21,Thriller
464,Movie 161,3,2021-09-10,Comedy
483,Movie 8,2,2022-10-05,Drama
147,Movie 143,2,2021-03-24,Drama
234,Movie 91,2,2021-01-30,Romance
493,Movie 152,1,2021-08-17,Sci-Fi
219,Movie 48,5,2022-10-10,Drama
405,Movie 79,3,2022-11-07,Thriller
286,Movie 129,4,2022-02-14,Romance
284,Movie 137,4,2022-11-13,Thriller
129,Movie 18,2,2021-04-23,Thriller
97,Movie 84,2,2021-07-31,Sci-Fi
470,Movie 136,1,2022-03-17,Sci-Fi
318,Movie 147,1,2022-05-20,Comedy
66,Movie 144,1,2021-10-16,Comedy
408,Movie 136,3,2022-10-24,Action
155,Movie 194,1,2021-02-27,Thriller
362,Movie 35,5,2022-02-12,Drama
149,Movie 115,2,2021-10-19,Thriller
356,Movie 143,2,2022-11-06,Action
106,Movie 198,2,2022-11-23,Action
92,Movie 189,1,2022-06-17,Horror
84,Movie 189,5,2022-04-13,Comedy
92,Movie 185,4,2021-03-20,Sci-Fi
399,Movie 143,2,2021-01-23,Thriller
486,Movie 74,1,2022-12-23,Thriller
347,Movie 18,4,2021-01-30,Horror
317,Movie 180,3,2022-04-27,Thriller
492,Movie 190,1,2021-09-03,Action
208,Movie 61,2,2022-05-12,Action
479,Movie 13,5,2021-03-26,Romance
81,Movie 138,2,2022-09-01,Comedy
130,Movie 180,1,2022-08-19,Drama
249,Movie 164,4,2022-10-07,Comedy
397,Movie 93,5,2022-03-01,Action
492,Movie 24,5,2021-01-23,Thriller
354,Movie 116,5,2021-11-11,Thriller
90,Movie 198,2,2021-03-21,Action
399,Movie 48,3,2022-09-27,Drama
230,Movie 47,1,2021-02-05,Action
453,Movie 167,4,2021-06-09,Horror
29,Movie 91,5,2021-02-01,Action
307,Movie 80,3,2021-02-02,Drama
23,Movie 58,4,2022-10-11,Romance
403,Movie 73,4,2022-01-17,Action
200,Movie 86,4,2022-03-13,Horror
446,Movie 187,5,2021-07-24,Sci-Fi
340,Movie 123,3,2022-08-16,Action
247,Movie 33,4,2022-05-13,Sci-Fi
366,Movie 187,3,2021-09-04,Thriller
123,Movie 69,3,2021-07-13,Thriller
269,Movie 40,1,2022-01-27,Comedy
144,Movie 1,4,2021-01-30,Drama
118,Movie 41,3,2021-08-10,Horror
154,Movie 74,3,2021-02-07,Comedy
407,Movie 36,4,2021-06-26,Drama
96,Movie 106,2,2021-06-08,Action
73,Movie 57,5,2021-04-24,Horror
427,Movie 195,3,2021-06-11,Action
371,Movie 152,5,2021-12-03,Action
247,Movie 10,5,2021-04-22,Romance
310,Movie 31,2,2022-10-21,Romance
220,Movie 117,3,2022-03-20,Sci-Fi
228,Movie 199,1,2022-02-09,Horror
228,Movie 141,1,2022-03-02,Drama
191,Movie 122,5,2021-12-11,Comedy
322,Movie 166,2,2021-04-07,Sci-Fi
430,Movie 55,2,2021-04-02,Action
489,Movie 56,2,2022-01-29,Sci-Fi
314,Movie 36,5,2022-02-09,Action
87,Movie 168,3,2022-02-12,Romance
430,Movie 161,1,2021-09-22,Action
382,Movie 79,1,2021-09-27,Drama
319,Movie 173,1,2022-03-14,Action
85,Movie 62,3,2021-07-19,Comedy
314,Movie 196,4,2022-06-17,Sci-Fi
258,Movie 14,5,2022-10-19,Action
282,Movie 46,4,2022-02-28,Thriller
121,Movie 98,2,2022-12-12,Thriller
154,Movie 8,3,2021-03-26,Thriller
153,Movie 112,3,2021-07-13,Horror
228,Movie 126,2,2022-07-25,Comedy
283,Movie 135,4,2021-03-03,Drama
70,Movie 92,3,2021-07-03,Drama
312,Movie 116,4,2021-10-12,Comedy
278,Movie 40,3,2021-02-20,Romance
437,Movie 151,3,2021-09-18,Horror
95,Movie 115,5,2022-08-21,Drama
188,Movie 48,4,2022-03-23,Drama
378,Movie 142,1,2022-01-14,Action
157,Movie 103,1,2021-02-25,Romance
385,Movie 44,2,2022-11-03,Action
4,Movie 184,4,2022-08-01,Comedy
390,Movie 94,1,2021-05-31,Sci-Fi
427,Movie 85,5,2021-10-09,Sci-Fi
130,Movie 134,1,2021-06-25,Sci-Fi
121,Movie 122,4,2021-02-08,Sci-Fi
419,Movie 65,3,2022-11-28,Thriller
200,Movie 57,2,2021-07-01,Sci-Fi
78,Movie 7,1,2021-09-09,Thriller
147,Movie 195,1,2022-04-26,Romance
216,Movie 124,1,2022-01-11,Thriller
261,Movie 6,4,2021-02-18,Drama
111,Movie 62,4,2022-03-09,Thriller
359,Movie 100,3,2021-07-12,Horror
218,Movie 169,4,2021-12-23,Comedy
100,Movie 154,5,2021-03-14,Action
347,Movie 33,4,2022-08-23,Drama
88,Movie 27,1,2021-10-09,Horror
486,Movie 153,2,2021-12-16,Action
83,Movie 100,2,2021-03-04,Sci-Fi
80,Movie 184,5,2021-10-18,Drama
147,Movie 9,2,2022-09-13,Horror
107,Movie 158,2,2022-06-25,Drama
274,Movie 85,4,2021-05-29,Thriller
8,Movie 135,5,2021-10-03,Thriller
60,Movie 173,5,2021-08-09,Thriller
90,Movie 55,5,2021-08-19,Action
204,Movie 40,5,2022-03-14,Romance
303,Movie 103,2,2022-01-15,Thriller
340,Movie 96,4,2022-01-18,Sci-Fi
168,Movie 131,2,2021-11-28,Action
271,Movie 139,4,2021-05-12,Horror
100,Movie 69,4,2022-04-28,Drama
154,Movie 141,4,2021-03-25,Comedy
275,Movie 177,5,2022-02-23,Horror
99,Movie 158,3,2021-03-05,Drama
268,Movie 68,2,2021-03-01,Drama
304,Movie 107,5,2022-01-24,Sci-Fi
192,Movie 26,1,2021-11-27,Comedy
135,Movie 16,2,2021-12-17,Comedy
53,Movie 145,3,2021-04-14,Romance
462,Movie 37,3,2021-07-30,Horror
483,Movie 59,3,2022-04-12,Romance
303,Movie 171,5,2022-04-15,Action
57,Movie 163,3,2021-04-04,Romance
201,Movie 134,5,2022-01-19,Romance
160,Movie 168,4,2021-11-09,Thriller
446,Movie 69,1,2022-10-26,Comedy
199,Movie 186,5,2021-07-23,Thriller
266,Movie 52,5,2022-11-28,Horror
50,Movie 114,2,2021-03-22,Romance
331,Movie 173,4,2021-09-19,Sci-Fi
417,Movie 60,4,2022-03-04,Action
201,Movie 172,1,2021-07-04,Action
342,Movie 187,5,2021-01-06,Romance
260,Movie 148,4,2022-03-20,Drama
321,Movie 8,3,2022-08-17,Drama
245,Movie 82,4,2022-07-24,Drama
242,Movie 142,5,2021-03-06,Thriller
292,Movie 194,4,2022-11-29,Thriller
54,Movie 92,5,2021-01-08,Sci-Fi
225,Movie 85,3,2022-02-07,Sci-Fi
39,Movie 163,5,2022-10-20,Action
402,Movie 145,5,2022-03-20,Thriller
448,Movie 77,3,2021-01-01,Comedy
210,Movie 119,2,2021-02-14,Thriller
165,Movie 167,4,2022-04-26,Drama
126,Movie 69,5,2022-06-06,Romance
110,Movie 142,4,2021-11-24,Sci-Fi
380,Movie 179,3,2021-12-24,Comedy
196,Movie 71,5,2022-11-19,Horror
485,Movie 153,5,2021-01-07,Drama
1,Movie 26,3,2022-04-22,Romance
348,Movie 182,4,2022-03-09,Romance
74,Movie 19,2,2022-07-13,Comedy
178,Movie 36,2,2022-12-04,Sci-Fi
122,Movie 166,2,2022-03-21,Comedy
420,Movie 200,2,2022-10-16,Comedy
315,Movie 26,1,2022-03-17,Drama
151,Movie 174,3,2021-06-26,Comedy
55,Movie 54,3,2022-02-02,Thriller
315,Movie 143,2,2022-08-17,Comedy
373,Movie 10,1,2021-10-12,Sci-Fi
399,Movie 101,5,2021-12-06,Comedy
455,Movie 8,3,2022-05-10,Sci-Fi
328,Movie 95,2,2022-01-21,Horror
322,Movie 189,5,2021-07-23,Thriller
486,Movie 130,4,2021-06-20,Comedy
473,Movie 45,2,2021-05-07,Comedy
79,Movie 67,1,2021-07-25,Action
402,Movie 118,1,2021-06-19,Drama
288,Movie 177,4,2021-06-29,Thriller
145,Movie 157,4,2022-05-14,Sci-Fi
91,Movie 161,4,2022-06-09,Comedy
211,Movie 137,1,2021-01-02,Action
162,Movie 145,4,2021-07-14,Drama
233,Movie 121,4,2021-08-13,Sci-Fi
312,Movie 93,5,2021-01-10,Comedy
164,Movie 38,1,2022-02-05,Horror
19,Movie 149,1,2022-11-17,Thriller
486,Movie 175,2,2021-02-14,Horror
9,Movie 4,4,2022-04-19,Comedy
220,Movie 54,1,2022-07-07,Comedy
407,Movie 200,5,2022-05-24,Thriller
210,Movie 162,2,2021-10-01,Sci-Fi
202,Movie 125,1,2021-01-02,Action
27,Movie 93,4,2022-06-18,Comedy
436,Movie 130,2,2021-03-17,Drama
167,Movie 188,3,2022-04-05,Sci-Fi
295,Movie 195,4,2022-02-26,Thriller
244,Movie 180,5,2021-04-07,Romance
315,Movie 137,2,2022-03-06,Romance
140,Movie 38,2,2021-07-27,Drama
256,Movie 45,1,2021-09-04,Action
429,Movie 70,3,2022-07-02,Sci-Fi
397,Movie 191,2,2022-03-17,Comedy
256,Movie 101,5,2021-10-06,Romance
361,Movie 69,5,2022-12-01,Horror
56,Movie 90,1,2022-01-22,Sci-Fi
172,Movie 165,5,2021-04-13,Comedy
370,Movie 41,5,2022-04-10,Drama
378,Movie 49,5,2022-07-01,Sci-Fi
499,Movie 1,3,2021-05-02,Horror
45,Movie 14,5,2021-05-15,Romance
144,Movie 152,5,2021-11-03,Horror
328,Movie 3,3,2022-02-04,Horror
412,Movie 129,2,2022-03-07,Comedy
133,Movie 186,5,2022-05-20,Drama
259,Movie 79,3,2021-11-14,Thriller
375,Movie 192,5,2021-09-10,Comedy
222,Movie 163,2,2022-12-15,Horror
38,Movie 156,2,2021-11-20,Romance
315,Movie 3,5,2022-09-23,Action
494,Movie 102,5,2021-09-10,Romance
99,Movie 102,3,2022-04-09,Drama
431,Movie 168,2,2021-03-26,Horror
259,Movie 22,1,2021-08-18,Romance
363,Movie 171,1,2021-02-15,Thriller
16,Movie 73,3,2022-01-10,Sci-Fi
443,Movie 100,4,2022-07-19,Comedy
259,Movie 18,1,2022-08-14,Sci-Fi
279,Movie 23,5,2022-07-10,Sci-Fi
384,Movie 123,3,2022-11-09,Comedy
82,Movie 174,4,2022-05-11,Drama
408,Movie 103,1,2022-11-30,Comedy
221,Movie 135,1,2022-09-14,Sci-Fi
221,Movie 198,1,2021-05-20,Thriller
220,Movie 110,1,2022-09-12,Comedy
265,Movie 161,2,2021-02-03,Comedy
260,Movie 157,2,2021-11-09,Drama
204,Movie 103,5,2022-11-21,Drama
346,Movie 169,4,2022-01-18,Sci-Fi
162,Movie 115,2,2022-12-06,Horror
397,Movie 139,4,2021-01-08,Romance
248,Movie 118,2,2021-08-10,Sci-Fi
341,Movie 174,1,2022-03-30,Comedy
333,Movie 112,2,2022-06-05,Drama
421,Movie 102,2,2022-08-30,Thriller
21,Movie 40,4,2021-12-20,Drama
154,Movie 55,1,2021-12-27,Action
473,Movie 54,2,2021-02-04,Action
24,Movie 147,3,2021-08-19,Sci-Fi
294,Movie 46,2,2021-01-01,Horror
151,Movie 71,5,2021-10-08,Romance
18,Movie 55,2,2022-01-23,Action
71,Movie 81,3,2021-03-31,Sci-Fi
204,Movie 21,2,2022-12-31,Drama
195,Movie 160,2,2022-03-02,Drama
297,Movie 131,5,2022-09-05,Horror
309,Movie 141,4,2021-03-08,Thriller
138,Movie 124,2,2021-12-13,Horror
19,Movie 140,2,2021-03-31,Thriller
251,Movie 98,2,2022-04-17,Romance
81,Movie 10,1,2021-01-23,Drama
65,Movie 117,4,2022-09-16,Romance
190,Movie 110,1,2021-01-17,Action
199,Movie 133,4,2021-01-07,Romance
289,Movie 130,4,2022-06-06,Thriller
301,Movie 191,2,2022-07-16,Horror
388,Movie 47,4,2021-05-19,Sci-Fi
175,Movie 99,3,2022-07-20,Action
43,Movie 48,4,2021-08-02,Horror
373,Movie 137,3,2022-09-14,Comedy
322,Movie 94,3,2022-09-16,Action
179,Movie 142,1,2021-07-10,Horror
430,Movie 81,2,2022-12-29,Thriller
267,Movie 127,5,2021-12-20,Comedy
393,Movie 28,4,2021-01-07,Comedy
297,Movie 143,3,2021-03-19,Drama
415,Movie 72,5,2021-09-21,Horror
168,Movie 168,5,2022-02-15,Thriller
424,Movie 56,4,2021-03-25,Sci-Fi
183,Movie 143,3,2021-04-01,Drama
497,Movie 59,2,2022-03-13,Sci-Fi
84,Movie 86,3,2021-09-23,Drama
300,Movie 85,3,2022-11-24,Sci-Fi
62,Movie 66,4,2021-01-25,Thriller
259,Movie 31,3,2021-11-09,Drama
266,Movie 165,1,2022-05-06,Comedy
447,Movie 109,5,2022-07-30,Drama
371,Movie 194,3,2022-03-01,Romance
212,Movie 192,4,2022-06-17,Drama
393,Movie 24,5,2022-08-19,Horror
337,Movie 105,2,2021-04-08,Comedy
316,Movie 134,2,2022-03-19,Drama
290,Movie 160,2,2022-06-22,Action
184,Movie 91,1,2021-02-28,Thriller
389,Movie 72,5,2021-08-29,Drama
491,Movie 148,3,2022-01-22,Romance
408,Movie 125,4,2021-11-27,Drama
429,Movie 41,4,2022-05-06,Drama
485,Movie 125,4,2022-04-02,Horror
24,Movie 5,3,2021-03-11,Drama
203,Movie 8,3,2022-10-04,Sci-Fi
4,Movie 132,3,2022-08-29,Action
157,Movie 75,1,2022-07-14,Drama
94,Movie 197,1,2021-02-10,Romance
346,Movie 142,3,2022-07-06,Romance
449,Movie 60,5,2022-01-01,Action
55,Movie 116,1,2021-01-10,Comedy
144,Movie 196,5,2022-03-11,Action
46,Movie 98,5,2022-04-13,Romance
314,Movie 152,1,2022-07-24,Horror
291,Movie 137,2,2021-02-06,Action
403,Movie 121,5,2021-12-16,Thriller
360,Movie 6,2,2021-10-04,Sci-Fi
442,Movie 89,3,2021-02-11,Action
339,Movie 28,5,2022-05-18,Thriller
99,Movie 198,3,2021-07-05,Action
19,Movie 111,1,2021-03-29,Horror
267,Movie 168,4,2021-09-01,Thriller
69,Movie 165,2,2021-11-16,Horror
482,Movie 187,3,2022-05-10,Drama
451,Movie 192,1,2021-03-24,Romance
186,Movie 47,2,2021-02-09,Thriller
157,Movie 4,2,2021-05-02,Thriller
393,Movie 51,1,2021-11-08,Drama
357,Movie 8,2,2021-07-16,Thriller
358,Movie 3,1,2022-03-13,Sci-Fi
274,Movie 28,4,2021-11-08,Horror
356,Movie 66,1,2022-05-02,Horror
369,Movie 30,3,2022-06-03,Thriller
283,Movie 173,3,2022-01-21,Drama
218,Movie 138,3,2021-01-21,Romance
176,Movie 120,5,2021-06-14,Action
363,Movie 138,4,2022-01-06,Comedy
71,Movie 8,5,2022-07-14,Horror
49,Movie 196,1,2021-04-07,Drama
64,Movie 149,2,2022-08-17,Romance
109,Movie 177,3,2021-03-16,Romance
136,Movie 12,1,2021-03-24,Action
290,Movie 66,4,2021-02-12,Action
46,Movie 165,3,2022-04-22,Horror
240,Movie 132,2,2021-02-16,Comedy
186,Movie 89,2,2021-12-25,Sci-Fi
415,Movie 97,1,2021-06-05,Romance
202,Movie 193,3,2021-12-16,Drama
375,Movie 43,3,2022-02-07,Romance
463,Movie 94,1,2021-12-27,Romance
58,Movie 136,1,2022-08-01,Comedy
435,Movie 141,3,2021-12-16,Action
229,Movie 28,1,2022-08-29,Romance
343,Movie 154,3,2021-06-21,Comedy
112,Movie 135,2,2022-12-16,Drama
385,Movie 120,2,2021-02-13,Action
307,Movie 162,5,2022-04-09,Action
257,Movie 109,4,2022-03-05,Thriller
406,Movie 138,2,2022-03-17,Action
449,Movie 109,1,2021-04-17,Horror
183,Movie 6,1,2021-12-26,Action
241,Movie 167,4,2022-07-03,Horror
495,Movie 118,1,2021-03-25,Drama
93,Movie 178,3,2022-05-27,Drama
154,Movie 26,2,2021-09-26,Comedy
116,Movie 59,3,2021-03-19,Action
84,Movie 103,3,2021-03-05,Horror
307,Movie 40,5,2022-03-14,Horror
22,Movie 173,3,2021-08-03,Horror
270,Movie 25,4,2022-07-16,Comedy
274,Movie 28,3,2022-03-24,Horror
248,Movie 25,4,2021-06-09,Horror
280,Movie 150,4,2022-10-23,Action
129,Movie 198,5,2021-09-02,Drama
31,Movie 87,4,2022-09-18,Romance
369,Movie 79,5,2022-10-25,Comedy
419,Movie 157,4,2021-07-01,Thriller
123,Movie 88,1,2021-02-22,Romance
451,Movie 52,2,2022-04-23,Action
239,Movie 94,3,2022-09-25,Romance
245,Movie 8,1,2021-07-19,Romance
198,Movie 15,4,2021-03-08,Romance
67,Movie 85,3,2022-06-21,Horror
252,Movie 159,2,2021-08-12,Romance
140,Movie 92,4,2022-04-04,Action
357,Movie 193,1,2022-05-07,Action
226,Movie 59,4,2022-10-28,Action
470,Movie 10,1,2021-04-18,Romance
253,Movie 47,3,2021-07-24,Romance
315,Movie 12,4,2022-12-17,Thriller
48,Movie 140,4,2022-06-03,Comedy
98,Movie 190,3,2022-11-30,Action
122,Movie 57,1,2022-02-06,Horror
70,Movie 56,4,2022-03-18,Action
5,Movie 34,5,2021-01-13,Comedy
337,Movie 45,2,2022-06-14,Horror
113,Movie 75,4,2021-11-14,Comedy
175,Movie 133,4,2021-06-16,Horror
139,Movie 121,4,2022-12-17,Drama
458,Movie 41,3,2021-01-21,Action
238,Movie 41,2,2021-08-11,Horror
84,Movie 183,3,2021-01-30,Sci-Fi
82,Movie 183,4,2021-11-14,Romance
154,Movie 113,1,2021-01-24,Sci-Fi
55,Movie 192,2,2021-05-12,Romance
402,Movie 182,3,2021-12-21,Comedy
292,Movie 7,4,2022-09-15,Romance
194,Movie 22,2,2021-03-22,Comedy
309,Movie 58,4,2021-10-24,Comedy
406,Movie 187,3,2021-01-01,Thriller
461,Movie 182,5,2021-10-25,Drama
245,Movie 176,5,2022-06-27,Romance
407,Movie 65,5,2022-10-26,Sci-Fi
307,Movie 1,4,2022-06-01,Drama
105,Movie 34,3,2021-09-13,Romance
474,Movie 50,5,2022-03-24,Horror
274,Movie 92,2,2021-07-19,Horror
478,Movie 122,5,2022-09-19,Sci-Fi
199,Movie 148,5,2022-08-27,Sci-Fi
39,Movie 105,5,2022-09-14,Action
417,Movie 21,3,2022-11-19,Comedy
54,Movie 101,3,2021-09-17,Comedy
36,Movie 70,2,2021-07-04,Drama
102,Movie 93,1,2022-05-15,Romance
209,Movie 143,2,2022-05-27,Sci-Fi
192,Movie 163,4,2021-05-17,Comedy
418,Movie 27,5,2022-01-03,Thriller
445,Movie 132,3,2021-08-23,Thriller
316,Movie 13,5,2021-08-10,Sci-Fi
364,Movie 112,3,2021-01-28,Action
134,Movie 8,2,2022-06-22,Horror
456,Movie 164,3,2022-04-19,Drama
57,Movie 119,3,2021-08-09,Sci-Fi
22,Movie 170,2,2022-03-17,Sci-Fi
393,Movie 171,3,2022-05-31,Horror
491,Movie 149,1,2021-02-11,Sci-Fi
372,Movie 176,3,2021-05-25,Drama
33,Movie 15,5,2022-05-23,Horror
494,Movie 106,3,2021-12-02,Thriller
181,Movie 15,4,2022-08-27,Drama
497,Movie 24,2,2021-04-30,Thriller
484,Movie 161,4,2022-01-08,Horror
407,Movie 195,5,2021-06-15,Sci-Fi
387,Movie 129,3,2022-07-11,Horror
228,Movie 9,2,2021-01-14,Action
114,Movie 135,2,2022-01-05,Drama
270,Movie 86,2,2022-10-06,Drama
368,Movie 183,3,2022-07-06,Romance
73,Movie 16,5,2021-02-11,Comedy
155,Movie 34,1,2021-09-07,Comedy
488,Movie 63,1,2021-07-08,Horror
497,Movie 104,2,2021-02-22,Sci-Fi
245,Movie 169,3,2022-02-01,Romance
419,Movie 41,2,2021-04-11,Horror
342,Movie 196,2,2021-11-03,Romance
21,Movie 99,4,2022-01-26,Romance
196,Movie 189,2,2022-02-15,Horror
345,Movie 2,4,2022-04-27,Romance
102,Movie 65,3,2021-04-27,Comedy
118,Movie 144,5,2022-02-27,Horror
303,Movie 164,2,2022-02-11,Sci-Fi
140,Movie 91,1,2022-06-16,Sci-Fi
216,Movie 59,4,2021-03-19,Thriller
117,Movie 104,3,2021-08-30,Drama
192,Movie 95,3,2022-11-10,Sci-Fi
407,Movie 56,4,2022-10-31,Horror
191,Movie 199,1,2022-06-26,Thriller
56,Movie 93,4,2021-02-04,Horror
398,Movie 87,4,2022-03-28,Horror
33,Movie 21,5,2021-02-24,Thriller
98,Movie 83,4,2021-01-03,Sci-Fi
411,Movie 31,5,2021-08-30,Thriller
499,Movie 117,5,2021-03-14,Horror
181,Movie 154,5,2021-03-13,Horror
393,Movie 111,5,2021-09-26,Comedy
137,Movie 47,3,2021-04-05,Thriller
335,Movie 110,2,2022-09-25,Drama
355,Movie 64,2,2022-10-26,Romance
381,Movie 109,1,2021-12-23,Action
80,Movie 125,3,2022-01-11,Drama
20,Movie 58,4,2022-03-18,Thriller
185,Movie 33,2,2021-09-24,Sci-Fi
466,Movie 200,1,2021-07-15,Romance
363,Movie 6,4,2022-07-19,Sci-Fi
409,Movie 105,5,2022-02-09,Sci-Fi
391,Movie 177,4,2021-08-08,Horror
107,Movie 120,3,2022-10-21,Action
236,Movie 28,2,2022-12-28,Sci-Fi
191,Movie 91,5,2021-09-17,Thriller
311,Movie 194,2,2022-07-09,Action
390,Movie 179,4,2021-03-01,Horror
81,Movie 27,3,2021-04-28,Horror
406,Movie 175,3,2022-09-13,Sci-Fi
427,Movie 92,5,2021-04-07,Sci-Fi
418,Movie 100,2,2021-12-21,Romance
85,Movie 180,2,2021-03-04,Drama
150,Movie 26,4,2021-03-21,Horror
279,Movie 184,2,2022-08-25,Comedy
260,Movie 200,1,2021-09-10,Thriller
82,Movie 79,5,2022-11-09,Action
139,Movie 77,4,2022-04-06,Thriller
315,Movie 151,3,2022-08-04,Sci-Fi
234,Movie 116,4,2021-11-08,Comedy
348,Movie 14,2,2021-10-15,Romance
498,Movie 46,5,2021-07-19,Romance
343,Movie 171,3,2022-08-25,Drama
163,Movie 132,4,2021-11-25,Sci-Fi
473,Movie 91,5,2021-12-26,Drama
305,Movie 2,4,2022-02-19,Sci-Fi
35,Movie 16,4,2022-12-11,Comedy
155,Movie 105,3,2021-11-14,Horror
25,Movie 29,5,2021-10-13,Horror
73,Movie 88,1,2021-08-14,Drama
110,Movie 197,1,2022-12-24,Action
351,Movie 2,5,2021-09-30,Thriller
473,Movie 26,3,2021-11-26,Horror
118,Movie 26,2,2022-05-04,Drama
229,Movie 70,4,2022-03-07,Romance
174,Movie 17,4,2022-10-04,Action
274,Movie 88,3,2022-03-24,Drama
405,Movie 25,1,2022-05-04,Drama
347,Movie 91,3,2021-07-19,Romance
14,Movie 103,1,2022-04-26,Action
257,Movie 135,2,2021-09-19,Comedy
248,Movie 130,4,2022-05-27,Drama
66,Movie 183,3,2022-01-04,Sci-Fi
338,Movie 15,5,2022-09-07,Romance
231,Movie 57,5,2021-06-26,Comedy
225,Movie 161,3,2021-04-15,Comedy
204,Movie 176,3,2022-05-14,Romance
119,Movie 54,5,2021-12-15,Romance
166,Movie 60,3,2022-02-21,Thriller
210,Movie 73,3,2022-06-09,Comedy
183,Movie 98,3,2021-08-30,Sci-Fi
369,Movie 128,5,2021-12-28,Horror
80,Movie 65,5,2021-03-17,Comedy
438,Movie 13,3,2021-06-03,Thriller
311,Movie 146,3,2022-09-20,Drama
498,Movie 35,3,2022-05-10,Romance
247,Movie 20,1,2021-12-17,Thriller
415,Movie 130,3,2022-03-18,Drama
380,Movie 30,5,2021-07-22,Horror
399,Movie 186,4,2021-06-13,Sci-Fi
294,Movie 150,4,2021-01-21,Horror
122,Movie 182,3,2022-02-19,Comedy
261,Movie 16,4,2021-07-30,Drama
420,Movie 94,4,2022-12-30,Action
160,Movie 174,4,2021-08-18,Horror
28,Movie 100,1,2021-03-07,Romance
465,Movie 65,2,2022-05-05,Horror
87,Movie 69,2,2022-06-22,Thriller
71,Movie 6,3,2021-03-05,Sci-Fi
318,Movie 23,2,2021-03-14,Romance
438,Movie 59,5,2021-09-09,Action
105,Movie 151,4,2021-11-24,Drama
308,Movie 104,1,2022-06-21,Action
226,Movie 40,3,2021-12-02,Sci-Fi
206,Movie 196,4,2022-08-06,Action
140,Movie 151,5,2022-03-13,Horror
86,Movie 34,3,2021-12-22,Drama
246,Movie 14,4,2021-11-11,Romance
277,Movie 47,5,2022-10-28,Romance
79,Movie 195,5,2022-06-05,Sci-Fi
103,Movie 192,1,2022-10-06,Comedy
300,Movie 8,5,2021-12-29,Comedy
272,Movie 178,4,2021-01-08,Comedy
418,Movie 192,2,2022-10-13,Drama
70,Movie 57,5,2022-03-27,Thriller
367,Movie 157,5,2022-06-13,Comedy
121,Movie 52,2,2022-11-15,Action
415,Movie 84,4,2021-05-08,Drama
10,Movie 59,2,2021-02-10,Sci-Fi
411,Movie 120,2,2021-01-18,Action
237,Movie 45,1,2022-04-27,Thriller
322,Movie 161,1,2022-08-07,Romance
376,Movie 26,3,2022-05-24,Horror
465,Movie 77,5,2022-11-21,Drama
265,Movie 140,4,2022-11-03,Sci-Fi
479,Movie 128,1,2021-10-20,Romance
1,Movie 37,5,2022-07-24,Thriller
421,Movie 124,3,2022-08-20,Thriller
369,Movie 111,5,2022-01-26,Action
104,Movie 3,2,2021-05-25,Horror
243,Movie 170,4,2022-11-17,Romance
482,Movie 43,5,2022-12-22,Drama
122,Movie 117,4,2021-05-11,Thriller
77,Movie 188,4,2022-07-31,Thriller
324,Movie 173,4,2021-07-13,Action
446,Movie 142,1,2021-08-06,Drama
106,Movie 86,4,2022-09-12,Romance
292,Movie 150,2,2022-05-10,Thriller
305,Movie 66,4,2022-12-03,Sci-Fi
485,Movie 123,3,2022-06-30,Drama
269,Movie 106,5,2022-12-04,Action
50,Movie 159,5,2021-11-16,Sci-Fi
174,Movie 47,3,2022-06-03,Romance
43,Movie 11,1,2022-02-08,Romance
362,Movie 29,1,2022-01-03,Action
451,Movie 184,1,2022-11-03,Action
37,Movie 73,1,2021-08-09,Drama
186,Movie 168,3,2022-05-24,Romance
251,Movie 56,5,2021-07-15,Sci-Fi
242,Movie 69,5,2022-01-02,Thriller
122,Movie 122,4,2021-03-28,Comedy
147,Movie 61,5,2022-03-24,Horror
177,Movie 28,4,2021-06-15,Action
144,Movie 50,2,2022-09-20,Romance
479,Movie 159,5,2021-05-06,Horror
333,Movie 175,5,2021-12-13,Thriller
340,Movie 33,2,2022-07-09,Comedy
121,Movie 154,3,2021-10-26,Drama
154,Movie 8,3,2022-01-21,Comedy
476,Movie 101,2,2022-10-13,Thriller
271,Movie 177,1,2022-04-26,Sci-Fi
54,Movie 172,3,2021-09-21,Comedy
325,Movie 107,4,2021-10-17,Romance
70,Movie 99,4,2022-04-03,Thriller
245,Movie 173,1,2022-09-09,Romance
106,Movie 102,2,2022-09-04,Drama
7,Movie 195,2,2022-12-21,Drama
289,Movie 68,4,2022-11-28,Drama
147,Movie 86,5,2022-10-28,Comedy
344,Movie 119,3,2021-08-07,Comedy
250,Movie 50,1,2021-01-06,Horror
144,Movie 51,4,2022-03-19,Comedy
457,Movie 65,5,2021-01-28,Thriller
361,Movie 70,5,2022-07-20,Romance
323,Movie 67,5,2021-02-10,Thriller
304,Movie 147,5,2022-11-06,Thriller
460,Movie 41,2,2022-01-12,Horror
457,Movie 119,5,2021-06-02,Thriller
345,Movie 152,1,2021-01-07,Comedy
402,Movie 66,3,2021-06-09,Comedy
239,Movie 71,5,2021-10-16,Romance
441,Movie 19,4,2022-01-15,Horror
144,Movie 44,1,2021-02-12,Romance
161,Movie 122,4,2022-08-26,Romance
89,Movie 106,5,2022-05-06,Thriller
232,Movie 63,5,2022-01-22,Comedy
479,Movie 168,1,2022-10-13,Thriller
48,Movie 66,2,2022-05-26,Drama
363,Movie 161,5,2021-05-10,Sci-Fi
32,Movie 80,2,2021-10-19,Horror
3,Movie 121,2,2021-10-04,Comedy
210,Movie 42,5,2022-06-09,Romance
339,Movie 109,3,2022-06-22,Drama
355,Movie 115,1,2021-03-08,Action
68,Movie 57,4,2021-06-14,Comedy
357,Movie 63,2,2021-08-12,Comedy
483,Movie 161,2,2022-10-19,Drama
31,Movie 7,5,2022-05-06,Horror
265,Movie 19,3,2021-05-23,Action
39,Movie 191,3,2021-10-20,Action
477,Movie 155,2,2022-06-16,Thriller
23,Movie 100,3,2021-12-19,Romance
273,Movie 144,3,2022-07-06,Drama
70,Movie 146,2,2021-07-19,Action
39,Movie 66,1,2022-03-12,Sci-Fi
238,Movie 138,2,2022-03-05,Thriller
108,Movie 7,1,2022-10-08,Comedy
36,Movie 48,1,2021-02-09,Action
149,Movie 163,3,2022-09-26,Romance
28,Movie 102,4,2022-04-28,Romance
452,Movie 18,1,2022-01-23,Romance
477,Movie 5,5,2021-10-05,Comedy
236,Movie 151,3,2022-05-02,Drama
355,Movie 134,4,2021-12-06,Comedy
463,Movie 128,2,2021-03-09,Romance
336,Movie 77,5,2021-08-10,Horror
300,Movie 131,1,2022-04-14,Drama
19,Movie 200,1,2021-01-22,Romance
145,Movie 192,4,2021-11-07,Comedy
73,Movie 92,5,2021-02-17,Action
144,Movie 65,4,2022-04-01,Sci-Fi
281,Movie 33,2,2022-07-20,Thriller
276,Movie 20,5,2021-05-31,Action
425,Movie 145,1,2022-10-21,Romance
419,Movie 20,1,2021-01-09,Drama
70,Movie 62,4,2021-01-05,Sci-Fi
480,Movie 24,3,2022-02-07,Horror
140,Movie 197,5,2022-02-17,Drama
340,Movie 122,1,2021-09-16,Romance
432,Movie 98,1,2022-03-29,Sci-Fi
103,Movie 55,1,2021-01-26,Romance
377,Movie 99,3,2021-06-03,Comedy
441,Movie 197,1,2021-06-01,Action
409,Movie 166,3,2022-02-19,Action
250,Movie 39,1,2021-10-08,Drama
410,Movie 179,1,2021-12-02,Drama
343,Movie 44,4,2021-12-29,Action
49,Movie 144,1,2022-04-04,Action
427,Movie 35,4,2021-04-14,Comedy
64,Movie 78,2,2021-01-20,Thriller
224,Movie 193,1,2021-01-15,Drama
157,Movie 68,4,2022-03-06,Romance
44,Movie 99,4,2022-03-18,Sci-Fi
83,Movie 111,1,2022-01-08,Action
5,Movie 192,3,2022-06-04,Action
212,Movie 165,1,2021-03-16,Romance
443,Movie 131,4,2022-11-12,Thriller
478,Movie 70,3,2021-12-05,Romance
156,Movie 121,4,2021-03-23,Drama
131,Movie 122,4,2022-06-18,Sci-Fi
296,Movie 66,4,2021-10-31,Thriller
333,Movie 127,5,2021-06-11,Drama
399,Movie 127,1,2021-08-21,Horror
333,Movie 171,1,2021-07-02,Drama
403,Movie 105,4,2022-11-13,Horror
64,Movie 57,3,2022-04-15,Thriller
479,Movie 18,5,2022-05-03,Romance
298,Movie 30,5,2022-11-09,Horror
340,Movie 115,2,2022-04-03,Action
70,Movie 146,1,2021-10-02,Drama
349,Movie 195,4,2022-05-03,Sci-Fi
309,Movie 86,5,2021-10-04,Comedy
96,Movie 7,4,2022-08-31,Drama
390,Movie 87,1,2022-02-15,Horror
297,Movie 180,4,2022-09-21,Romance
342,Movie 88,3,2022-06-27,Drama
75,Movie 5,2,2022-09-25,Drama
99,Movie 71,4,2022-05-15,Sci-Fi
308,Movie 194,3,2022-07-21,Drama
96,Movie 124,4,2022-05-23,Comedy
500,Movie 72,1,2021-09-05,Drama
446,Movie 68,5,2022-09-21,Romance
85,Movie 29,2,2022-03-21,Comedy
73,Movie 140,4,2022-04-24,Horror
91,Movie 4,1,2021-04-10,Horror
72,Movie 40,3,2022-08-04,Sci-Fi
373,Movie 47,3,2021-09-23,Horror
146,Movie 152,5,2021-10-22,Action
428,Movie 46,1,2022-09-23,Sci-Fi
381,Movie 118,4,2021-03-25,Romance
265,Movie 176,3,2021-09-23,Drama
35,Movie 20,3,2022-10-16,Romance
180,Movie 192,5,2022-12-18,Drama
14,Movie 118,5,2021-06-18,Thriller
481,Movie 72,1,2021-07-30,Sci-Fi
88,Movie 157,3,2021-08-23,Drama
297,Movie 192,3,2022-12-16,Thriller
437,Movie 63,1,2022-01-21,Action
117,Movie 116,3,2022-08-15,Action
4,Movie 35,3,2022-01-17,Sci-Fi
249,Movie 150,4,2021-01-09,Thriller
121,Movie 100,4,2021-06-05,Romance
480,Movie 47,5,2021-08-08,Romance
421,Movie 32,3,2021-07-10,Sci-Fi
112,Movie 103,3,2021-02-09,Sci-Fi
4,Movie 191,1,2021-07-01,Sci-Fi
129,Movie 171,1,2021-09-08,Drama
77,Movie 47,3,2022-05-25,Comedy
360,Movie 97,5,2022-06-17,Romance
181,Movie 51,5,2022-09-05,Romance
45,Movie 62,5,2022-03-27,Thriller
236,Movie 36,3,2022-11-07,Horror
334,Movie 133,1,2021-01-03,Comedy
206,Movie 177,4,2021-05-23,Thriller
25,Movie 114,2,2022-05-09,Thriller
494,Movie 187,5,2021-07-18,Action
35,Movie 140,4,2022-01-14,Drama
298,Movie 51,4,2022-06-24,Romance
413,Movie 149,1,2021-06-13,Horror
164,Movie 51,2,2022-01-13,Horror
230,Movie 11,2,2022-12-05,Sci-Fi
109,Movie 173,3,2021-08-20,Romance
241,Movie 48,2,2022-03-15,Sci-Fi
406,Movie 172,5,2021-02-05,Romance
419,Movie 38,4,2022-08-17,Romance
63,Movie 119,2,2021-02-25,Action
439,Movie 62,4,2022-04-15,Action
214,Movie 123,4,2021-06-27,Romance
442,Movie 12,4,2021-06-16,Comedy
313,Movie 48,1,2021-11-15,Romance
60,Movie 63,5,2021-07-08,Drama
219,Movie 81,4,2022-01-11,Thriller
315,Movie 6,4,2021-07-24,Drama
264,Movie 200,5,2021-05-06,Romance
491,Movie 103,3,2021-06-25,Action
358,Movie 59,1,2021-11-08,Romance
292,Movie 41,3,2022-07-25,Thriller
301,Movie 110,5,2022-12-19,Comedy
36,Movie 86,1,2021-10-01,Sci-Fi
70,Movie 9,2,2021-11-10,Horror
24,Movie 134,3,2021-08-14,Thriller
449,Movie 171,2,2021-05-10,Horror
311,Movie 56,2,2021-10-06,Action
160,Movie 35,2,2022-11-13,Thriller
456,Movie 60,2,2022-01-20,Action
202,Movie 190,3,2021-12-25,Thriller
320,Movie 52,2,2021-07-25,Horror
193,Movie 18,3,2021-09-22,Sci-Fi
485,Movie 139,1,2022-03-03,Horror
86,Movie 102,5,2022-05-18,Comedy
397,Movie 35,1,2021-12-02,Romance
213,Movie 8,2,2021-03-05,Comedy
44,Movie 28,5,2022-10-12,Action
460,Movie 147,5,2021-02-20,Action
271,Movie 41,2,2022-12-07,Action
424,Movie 39,2,2021-03-26,Thriller
88,Movie 154,4,2021-04-26,Drama
120,Movie 118,4,2022-11-14,Drama
8,Movie 178,4,2021-12-19,Comedy
420,Movie 7,2,2022-10-23,Thriller
18,Movie 31,5,2021-06-09,Horror
75,Movie 144,4,2021-08-08,Romance
246,Movie 24,3,2021-08-02,Comedy
342,Movie 157,2,2022-05-19,Romance
217,Movie 130,2,2021-07-22,Romance
74,Movie 161,5,2022-07-21,Horror
171,Movie 171,4,2021-09-03,Action
75,Movie 154,4,2021-07-21,Action
364,Movie 193,3,2022-11-13,Drama
425,Movie 30,4,2022-04-18,Thriller
